{"cameraMode":{"drawMode":0,"name":"Shaded","section":"Shading Mode"},"sceneLighting":false,"audioPlay":false,"sceneViewState":{"showFog":true,"showMaterialUpdate":false,"showSkybox":false,"showFlares":true,"showImageEffects":true,"showParticleSystems":true},"in2DMode":false,"pivot":{"x":-0.000004552304744720459,"y":0.07019226253032685,"z":-0.1604088991880417},"rotation":{"x":0.11483538895845413,"y":-0.7322057485580444,"z":0.1275731474161148,"w":0.6590951085090637},"size":-1.0127389430999756,"orthographic":false}