{"cameraMode":{"drawMode":0,"name":"Shaded","section":"Shading Mode"},"sceneLighting":false,"audioPlay":false,"sceneViewState":{"showFog":true,"showMaterialUpdate":false,"showSkybox":true,"showFlares":true,"showImageEffects":true,"showParticleSystems":true},"in2DMode":false,"pivot":{"x":-4.149826526641846,"y":5.30035400390625,"z":-67.455322265625},"rotation":{"x":-0.16574694216251374,"y":0.8253567218780518,"z":-0.3092542588710785,"w":-0.4423583149909973},"size":16.435253143310548,"orthographic":false}