{"cameraMode":{"drawMode":0,"name":"Shaded","section":"Shading Mode"},"sceneLighting":false,"audioPlay":false,"sceneViewState":{"showFog":true,"showMaterialUpdate":false,"showSkybox":false,"showFlares":true,"showImageEffects":true,"showParticleSystems":true},"in2DMode":false,"pivot":{"x":1.1526824235916138,"y":-7.446785926818848,"z":17.84762191772461},"rotation":{"x":0.22306349873542787,"y":-0.019872985780239106,"z":0.00454562995582819,"w":0.974601149559021},"size":12.12435531616211,"orthographic":false}