{"cameraMode":{"drawMode":0,"name":"Shaded","section":"Shading Mode"},"sceneLighting":true,"audioPlay":false,"sceneViewState":{"showFog":true,"showMaterialUpdate":false,"showSkybox":true,"showFlares":true,"showImageEffects":true,"showParticleSystems":true},"in2DMode":false,"pivot":{"x":-0.07645763456821442,"y":0.7642959356307983,"z":-11.162444114685059},"rotation":{"x":0.000030612027330789715,"y":-0.999941349029541,"z":0.0030006442684680225,"w":0.009909589774906636},"size":5.855682849884033,"orthographic":false}