{"cameraMode":{"drawMode":0,"name":"Shaded","section":"Shading Mode"},"sceneLighting":false,"audioPlay":false,"sceneViewState":{"showFog":true,"showMaterialUpdate":false,"showSkybox":true,"showFlares":true,"showImageEffects":true,"showParticleSystems":true},"in2DMode":false,"pivot":{"x":-5.800562858581543,"y":-6.049169540405273,"z":-121.3176498413086},"rotation":{"x":-0.022688966244459153,"y":0.9753292202949524,"z":-0.1835324764251709,"w":-0.12057428061962128},"size":17.041231155395509,"orthographic":false}