{"cameraMode":{"drawMode":0,"name":"Shaded","section":"Shading Mode"},"sceneLighting":false,"audioPlay":false,"sceneViewState":{"showFog":true,"showMaterialUpdate":false,"showSkybox":true,"showFlares":true,"showImageEffects":true,"showParticleSystems":true},"in2DMode":false,"pivot":{"x":-2.852146863937378,"y":-5.255109786987305,"z":-170.5264892578125},"rotation":{"x":-0.0004904731176793575,"y":0.9983739852905273,"z":-0.056366365402936938,"w":-0.00868988037109375},"size":97.45866394042969,"orthographic":false}