{"cameraMode":{"drawMode":0,"name":"Shaded","section":"Shading Mode"},"sceneLighting":false,"audioPlay":false,"sceneViewState":{"showFog":true,"showMaterialUpdate":false,"showSkybox":false,"showFlares":true,"showImageEffects":true,"showParticleSystems":true},"in2DMode":false,"pivot":{"x":-13.118636131286621,"y":-5.349013328552246,"z":14.366207122802735},"rotation":{"x":0.14104044437408448,"y":-0.414404034614563,"z":0.06517406553030014,"w":0.8967440724372864},"size":12.12435531616211,"orthographic":false}