{"cameraMode":{"drawMode":0,"name":"Shaded","section":"Shading Mode"},"sceneLighting":false,"audioPlay":false,"sceneViewState":{"showFog":true,"showMaterialUpdate":false,"showSkybox":true,"showFlares":true,"showImageEffects":true,"showParticleSystems":true},"in2DMode":false,"pivot":{"x":-1.3919488191604615,"y":0.46066293120384219,"z":-33.22677230834961},"rotation":{"x":0.003177983919158578,"y":-0.995964765548706,"z":0.08084969967603684,"w":0.039158448576927188},"size":2.3489227294921877,"orthographic":false}