{"cameraMode":{"drawMode":0,"name":"Shaded","section":"Shading Mode"},"sceneLighting":true,"audioPlay":false,"sceneViewState":{"showFog":true,"showMaterialUpdate":false,"showSkybox":false,"showFlares":true,"showImageEffects":true,"showParticleSystems":true},"in2DMode":false,"pivot":{"x":40.30720520019531,"y":-32.253150939941409,"z":-102.53924560546875},"rotation":{"x":-0.03293463960289955,"y":-0.9670215845108032,"z":0.17386940121650697,"w":-0.18317535519599915},"size":59.021995544433597,"orthographic":false}