{"cameraMode":{"drawMode":0,"name":"Shaded","section":"Shading Mode"},"sceneLighting":false,"audioPlay":false,"sceneViewState":{"showFog":true,"showMaterialUpdate":false,"showSkybox":true,"showFlares":true,"showImageEffects":true,"showParticleSystems":true},"in2DMode":false,"pivot":{"x":-8.612998008728028,"y":-5.922356128692627,"z":-124.25276947021485},"rotation":{"x":-0.032018665224313739,"y":0.9673871397972107,"z":-0.15959247946739198,"w":-0.19408579170703889},"size":17.041231155395509,"orthographic":false}