{"cameraMode":{"drawMode":0,"name":"Shaded","section":"Shading Mode"},"sceneLighting":true,"audioPlay":false,"sceneViewState":{"showFog":true,"showMaterialUpdate":false,"showSkybox":true,"showFlares":true,"showImageEffects":true,"showParticleSystems":true},"in2DMode":false,"pivot":{"x":-0.5810461044311523,"y":-3.358011245727539,"z":-21.644283294677736},"rotation":{"x":-0.0893813967704773,"y":0.9000532627105713,"z":-0.3652455508708954,"w":-0.2202579826116562},"size":16.482086181640626,"orthographic":false}